query,impressions_7d,position,target_url,priority,recommended_action
salesforce development company,326,8.6,https://magicfuse.co/blog/top-salesforce-development-companies,critical,"Add ""(2026)"" to title; FAQ schema; refresh top-10 list; pricing column"
salesforce customization,207,16.8,https://magicfuse.co/services/salesforce-custom-development,critical,"Re-target the query from blog to commercial page; add ""what is salesforce customization"" intro; FAQ schema"
"""service cloud voice"" ""standard omni-channel""",204,9.7,https://magicfuse.co/blog/salesforce-service-cloud-voice-with-amazon-connect,high,Strengthen omni-channel section; add comparison
marketo vs pardot,112,9.8,https://magicfuse.co/blog/marketo-vs-pardot,high,Add comparison table; refresh pricing; FAQ schema
salesforce development companies,97,13.8,https://magicfuse.co/blog/top-salesforce-development-companies,critical,Same as #1 — title rewrite + freshness
salesforce agentforce pricing official 2026,91,7.2,https://magicfuse.co/blog/agentforce-cost,critical,Match exact phrase in H1; add ""2026 official Agentforce pricing"" section; pricing table
pardot vs marketo,90,8.7,https://magicfuse.co/blog/marketo-vs-pardot,high,Same as marketo vs pardot
salesforce crm development company,88,10.0,https://magicfuse.co/blog/top-salesforce-development-companies,high,Add ""CRM development company"" subsection; one anchor away from page 1
salesforce marketing cloud consulting,81,16.6,https://magicfuse.co/expertise/marketing-cloud,critical,Beef up expertise page; interlink from MC blog content
top salesforce consulting firms for agentforce,69,17.3,https://magicfuse.co/blog/top-salesforce-consulting-companies,high,Add an Agentforce-focused consulting section
hire salesforce expert,64,11.8,https://magicfuse.co/hire-salesforce-expert,critical,Title rewrite per audit §3; FAQ schema; pricing brackets
salesforce development company in usa,61,11.3,https://magicfuse.co/blog/top-salesforce-development-companies,high,Add a ""USA-based Salesforce dev companies"" section
salesforce servicenow integration,58,18.3,https://magicfuse.co/blog/servicenow-integration,medium,Refresh; add comparison; FAQ schema
salesforce marketing cloud consultants,56,18.7,https://magicfuse.co/blog/top-salesforce-marketing-cloud-consultants,high,Title rewrite; add 2026 list
middleware for salesforce and dynamics 365 integration,54,8.2,https://magicfuse.co/blog/microsoft-dynamics-365-integration,medium,Add explicit middleware section
top salesforce implementation partners for global enterprises 2026,53,14.2,https://magicfuse.co/blog/top-salesforce-implementation-partners,high,Update for 2026; add global enterprise tier
what is salesforce marketing cloud,53,16.2,https://magicfuse.co/blog/what-is-salesforce-marketing-cloud,medium,Refresh; FAQ schema; link to /expertise/marketing-cloud
salesforce service cloud partner,52,18.7,https://magicfuse.co/blog/service-cloud-implementation-partners,medium,Title rewrite; refresh
salesforce microsoft dynamics 365 finance integration,48,18.7,https://magicfuse.co/blog/microsoft-dynamics-365-integration,medium,Add finance-specific subsection
salesforce development agency,47,10.2,https://magicfuse.co/blog/top-salesforce-development-companies,high,One anchor away from page 1
salesforce marketing cloud experts,47,14.0,https://magicfuse.co/expertise/marketing-cloud,high,Beef up expertise page
salesforce development partner,45,13.0,https://magicfuse.co/,medium,Internal links from /services/* with this anchor
activecampaign salesforce integration,45,17.9,https://magicfuse.co/blog/how-to-integrate-salesforce-with-activecampaign,medium,Refresh; FAQ schema
salesforce appexchange number of apps,44,6.6,https://magicfuse.co/blog/best-salesforce-appexchange-apps,medium,Already pos 6.6 — title rewrite to be the SERP answer
mulesoft development services,42,12.6,https://magicfuse.co/expertise/mulesoft,high,Re-target query to expertise page
salesforce agentforce pricing official,38,10.0,https://magicfuse.co/blog/agentforce-cost,critical,Match exact phrase in copy
integrating salesforce with dynamics 365 using apis,37,11.0,https://magicfuse.co/blog/microsoft-dynamics-365-integration,medium,Add API subsection
marketing cloud consultants,37,14.4,https://magicfuse.co/blog/top-salesforce-marketing-cloud-consultants,high,Same as #14
marketing cloud engagement pricing,34,7.0,https://magicfuse.co/blog/salesforce-marketing-cloud-cost,critical,Add ""Marketing Cloud Engagement"" naming variant; pricing table
salesforce development partners,34,12.7,https://magicfuse.co/,medium,Internal-link target
top platforms for salesforce development operations?,33,8.2,https://magicfuse.co/blog/the-ultimate-guide-to-salesforce-test-automation,medium,Add a DevOps platforms section
mulesoft managed services,32,18.8,https://magicfuse.co/services/salesforce-managed-service,medium,Add MuleSoft managed-services block; cross-link from /expertise/mulesoft
salesforce service cloud consultants,31,8.6,https://magicfuse.co/blog/service-cloud-consultants,high,Refresh — close to top-5
salesforce service cloud consulting services,31,19.1,https://magicfuse.co/blog/service-cloud-consultants,medium,Same target
salesforce agentforce pricing model 2026,30,5.6,https://magicfuse.co/blog/agentforce-cost,critical,Featured-snippet candidate — answer in 40-50 words near top
servicenow integration with salesforce,30,14.6,https://magicfuse.co/blog/servicenow-integration,medium,Refresh
